[
  {
    "id": "b0d02d0e-2a8d-42fd-9037-97ec2b0bcfdf",
    "data": [
      {
        "text": "more",
        "userDefined": false
      }
    ],
    "isTemplate": false,
    "count": 0,
    "updated": 1550392449
  },
  {
    "id": "f962dba8-b68c-4975-8f88-35802c529a92",
    "data": [
      {
        "text": "show details",
        "userDefined": false
      }
    ],
    "isTemplate": false,
    "count": 0,
    "updated": 1550383680
  },
  {
    "id": "8fc6283a-ec75-4fd7-aa2e-0f583bdb32f3",
    "data": [
      {
        "text": "get more information",
        "userDefined": false
      }
    ],
    "isTemplate": false,
    "count": 0,
    "updated": 1550383680
  }
]