[
  {
    "id": "6b610dcb-3821-4911-a55b-3b932fc1b67d",
    "data": [
      {
        "text": "looking for a place to stay in ",
        "userDefined": false
      },
      {
        "text": "Amsterdam",
        "alias": "city",
        "meta": "@sys.geo-city",
        "userDefined": false
      },
      {
        "text": " for ",
        "userDefined": false
      },
      {
        "text": "2",
        "alias": "number",
        "meta": "@sys.number",
        "userDefined": false
      }
    ],
    "isTemplate": false,
    "count": 0,
    "updated": 1550388503
  },
  {
    "id": "3afd0800-85dd-4f2f-a9e5-3fa9a568550f",
    "data": [
      {
        "text": "looking to rent a place in ",
        "userDefined": false
      },
      {
        "text": "Amsterdam",
        "alias": "city",
        "meta": "@sys.geo-city",
        "userDefined": false
      },
      {
        "text": " for ",
        "userDefined": false
      },
      {
        "text": "2",
        "alias": "number",
        "meta": "@sys.number",
        "userDefined": false
      }
    ],
    "isTemplate": false,
    "count": 0,
    "updated": 1550388503
  },
  {
    "id": "7550415a-7233-4cfd-bcf0-a562401e4ee0",
    "data": [
      {
        "text": "need a place to stay in ",
        "userDefined": false
      },
      {
        "text": "Amsterdam",
        "alias": "city",
        "meta": "@sys.geo-city",
        "userDefined": true
      },
      {
        "text": " on ",
        "userDefined": false
      },
      {
        "text": "1st December",
        "alias": "date",
        "meta": "@sys.date",
        "userDefined": true
      }
    ],
    "isTemplate": false,
    "count": 0,
    "updated": 1550383516
  },
  {
    "id": "3f5e71a0-f2ac-4886-91f3-5f981b837cb3",
    "data": [
      {
        "text": "looking for a place to stay in ",
        "userDefined": false
      },
      {
        "text": "Amsterdam",
        "alias": "city",
        "meta": "@sys.geo-city",
        "userDefined": true
      }
    ],
    "isTemplate": false,
    "count": 0,
    "updated": 1550383066
  }
]