[
  {
    "id": "87538c7e-5153-49b2-bbda-77d50a6bcabc",
    "data": [
      {
        "text": "reviews",
        "userDefined": false
      }
    ],
    "isTemplate": false,
    "count": 0,
    "updated": 1550393339
  },
  {
    "id": "3bceb5df-d5ce-4b2f-8dc1-96698750df68",
    "data": [
      {
        "text": "list reviews",
        "userDefined": false
      }
    ],
    "isTemplate": false,
    "count": 0,
    "updated": 1550383606
  },
  {
    "id": "c9c4ca41-29cd-4dcf-828a-e4aa13397188",
    "data": [
      {
        "text": "get reviews",
        "userDefined": false
      }
    ],
    "isTemplate": false,
    "count": 0,
    "updated": 1550383606
  },
  {
    "id": "def036a4-69c3-4788-b948-e7a3dc15d8ef",
    "data": [
      {
        "text": "list reviews of this place",
        "userDefined": false
      }
    ],
    "isTemplate": false,
    "count": 0,
    "updated": 1550383606
  }
]